description,phecode,group,(Intercept),PC1,PC2,PC3,PC4,PC5,PC6,PC7,PC8,PC9,PC10
Paroxysmal ventricular tachycardia,427.12,circulatory system,-5.241144165,0.052008006,0.099615694,-0.064881586,-0.101636238,-0.063628656,0.151901413,0.01566213,0.035937864,0.00638917,-0.043126287
Primary/intrinsic cardiomyopathies,425.1,circulatory system,-4.860843664,0.071993479,0.100247133,-0.06297189,-0.073360593,-0.0793821,0.11520277,0.037231031,0.073499138,0.013541803,0.008573791
Shortness of breath,512.7,respiratory,-2.71530395,-0.005541872,0.028713465,-0.052899084,-0.032784369,0.006909305,0.100737366,-0.011975233,0.058210197,-0.029531132,-0.069789078
Hypertensive heart disease,401.21,circulatory system,-5.118840223,0.15104417,-0.02224709,-0.036340847,-0.077829882,-0.008663641,0.156757118,-0.013761881,0.050047298,0.005917473,-0.021436059
Essential hypertension,401.1,circulatory system,-1.784820293,0.132907899,0.024928169,-0.028186771,-0.023506641,0.086781782,0.017419283,0.017501225,0.030254597,-0.034246883,-0.0281259
Heart failure with reduced EF [Systolic or combined heart failure],428.3,circulatory system,-5.622129505,0.086063879,0.09042054,-0.076200553,-0.114145675,-0.076136633,0.194194335,0.014389592,0.013913897,-0.032047924,-0.00456944
Heart failure NOS,428.2,circulatory system,-4.769096626,0.123747155,0.016219322,-0.066076268,-0.079636326,-0.049224672,0.182029149,0.025550362,0.033150624,-0.015323687,-0.008555616
Cardiomegaly,416,circulatory system,-4.121119033,0.086740471,0.019100746,-0.072260691,-0.076253923,-0.015607338,0.143860976,0.018375285,0.046171962,-0.010444601,-0.032237462
Morbid obesity,278.11,endocrine/metabolic,-5.841126292,0.00145075,0.05933643,-0.073308366,-0.09586312,0.317367535,0.134571445,0.101098598,0.060478318,-0.068341688,-0.020673823
Arrhythmia (cardiac) NOS,427.5,circulatory system,-4.359596922,0.083194306,0.00494967,-0.047568819,-0.028148287,-0.036367075,0.069640279,-0.006429401,0.026180989,0.002767638,-0.025074512
Other hypertensive complications,401.3,circulatory system,-1.927421258,0.142632965,0.006513258,-0.024133596,-0.020202985,0.092075946,0.022471663,0.013788293,0.022028584,-0.031753868,-0.025558976
Congestive heart failure (CHF) NOS,428.1,circulatory system,-3.907755561,0.088971658,0.083209476,-0.096597989,-0.07792877,-0.062877138,0.128015954,0.054674906,0.051280827,-0.024948376,-0.027761067
Nonspecific chest pain,418,circulatory system,-3.813839733,-0.052430065,-0.00634777,-0.013528412,0.001955408,0.034629292,0.068352363,-0.01618952,0.110007816,-0.018032334,-0.075689907
Asthma,495,respiratory,-3.821202084,-0.046538483,-0.021707159,-0.020790608,-0.03339808,0.040985282,0.046844028,0.00102104,0.015823709,0.002979216,-0.02933448
Angina pectoris,411.3,circulatory system,-5.572286866,0.062497926,0.104718631,-0.1059609,-0.021512343,-0.027436224,0.035179902,0.053930152,0.033411512,0.00233148,-0.023483239
Hypopotassemia,276.14,endocrine/metabolic,-3.794086296,0.019223139,0.016929129,-0.066356383,-0.040708576,-0.023891472,0.124609889,0.016957475,-0.015094918,-0.017540578,-0.07177405
Obesity,278.1,endocrine/metabolic,-3.567591136,0.041143722,0.030402314,-0.032310825,-0.053872383,0.233011675,0.091623078,0.063574786,0.043249093,-0.05997166,-0.017473773
Premature beats,427.6,circulatory system,-4.945801303,0.073615066,0.043559019,-0.017631284,-0.049923344,-0.025545977,0.079636895,-0.001154789,0.037149909,0.011680395,0.004015318
Abnormal electrocardiogram [ECG] [EKG],426.7,circulatory system,-3.331627058,0.06082388,0.018092689,-0.055621288,-0.046392591,-0.017187578,0.10353334,-0.018066714,0.028746713,0.000875496,-0.050759127
Paroxysmal supraventricular tachycardia,427.11,circulatory system,-5.267021798,0.052897659,0.009015921,-0.051622849,-0.06183451,-0.020869017,0.116178535,-0.030712848,0.041219764,-6.70E-06,-0.05579029
Pain and other symptoms associated with female genital organs,625,genitourinary,-5.169956321,-0.087826553,-0.03754323,-0.140111218,0.00382529,0.013892781,0.043528238,0.033500405,-0.021586816,0.073444031,0.070108318
Ovarian cyst,628,genitourinary,-5.543561882,-0.135434913,-0.060191271,-0.137579246,0.005967165,-0.000707414,0.021177344,0.036641454,-0.017886247,0.068343481,0.037454302
Other disorders of male genital organs,608,genitourinary,-5.266133463,-0.04962317,0.001561188,-0.071521884,-0.002959767,0.01140909,0.078230211,0.015248914,-0.002327729,0.051463378,0.082548516
GERD,530.11,digestive,-2.385017359,0.021017023,0.019674389,-0.035109051,-0.002720551,0.032168646,0.030257273,0.002415206,-0.01989578,-0.015035545,-0.031655582
Disorders of menstruation and other abnormal bleeding from female genital tract,626,genitourinary,-6.720613771,-0.131618243,-0.135284592,-0.143964141,-0.020403117,0.030809718,0.080243334,-0.007035343,-0.006857593,0.068282381,0.006554878
Ascites (non malignant),572,digestive,-4.752895688,0.033906558,0.019344012,-0.046352545,-0.039175592,-0.024767544,0.147908961,-0.044624643,-0.169414336,0.018593193,-0.118047401
Nontoxic multinodular goiter,241.2,endocrine/metabolic,-5.942472201,-0.009908564,-0.038568713,-0.073815224,-0.049572626,0.040530244,-0.010522054,-0.060310432,-0.007220447,0.023267517,-0.057653676
Pain in joint,745,musculoskeletal,-5.727661641,-0.072040529,0.072584737,-0.061447096,-0.005396428,0.052990118,0.026751841,0.007320224,0.048544161,-0.061809018,-0.037795904
Hypercholesterolemia,272.11,endocrine/metabolic,-3.418141645,0.065852068,0.030821237,-0.006622761,-0.001039539,0.027499163,-0.025400735,0.026435465,0.023441847,-0.036755054,-0.037030407
Functional digestive disorders,564,digestive,-4.903029836,0.104753452,-0.083529468,0.004315126,-0.078049481,-0.01761211,0.194552805,-0.006887947,0.079746915,0.029385963,-0.058547753
Other symptoms/disorders or the urinary system,599,genitourinary,-4.862474816,0.1022594,-0.081433745,0.000898036,-0.077179394,-0.017985361,0.19203753,-0.005829055,0.078137271,0.029264882,-0.058401404
Atrial fibrillation,427.21,circulatory system,-3.550320533,0.122097483,0.051048918,-0.068666563,-0.043277414,-0.041952907,0.069192889,0.02402572,0.070056327,-0.014232355,-0.024148624
Gout,274.1,endocrine/metabolic,-5.437113568,0.127617401,0.098369438,-0.016445011,-0.050107892,0.014196712,0.077745371,0.03576567,0.029658404,-0.045229925,0.003841009
Hypotension NOS,458.9,circulatory system,-4.09508715,0.063341818,0.007149129,-0.059816399,-0.061901635,-0.035859993,0.123369657,-0.011837532,-0.022134744,-0.008518143,-0.089206086
Hypovolemia,276.5,endocrine/metabolic,-4.075229107,0.006539997,0.050697542,-0.058635144,0.000517341,-0.020374898,0.100797734,-0.025019413,-0.055358,-0.01080906,-0.057048948
Polyneuropathy in diabetes,250.6,endocrine/metabolic,-6.398930605,0.089717316,0.059938209,-0.030479144,-0.109514222,0.037480307,0.096552818,-0.024673336,-0.05217349,-0.043460182,-0.018854584
Acute renal failure,585.1,genitourinary,-3.593378463,0.077927424,0.069465637,-0.054433314,-0.092095163,-0.033088035,0.141574038,0.012787932,-0.040700051,-0.026021805,-0.081940161
Hyperlipidemia,272.1,endocrine/metabolic,-2.16576987,0.115294595,0.054928389,-0.03678233,-0.012756992,0.024926869,0.01077579,0.022915327,0.030168989,-0.033432677,-0.019569281
ASCVD,414.2,circulatory system,-3.742105363,0.170941006,0.014874108,-0.013716797,-0.062682186,-0.006916702,0.045942036,0.012978043,0.043421966,0.013716098,-0.005110079
Coronary atherosclerosis,411.4,circulatory system,-3.295863186,0.153218398,0.065283474,-0.037903569,-0.066444909,-0.026900383,0.035427784,0.019714365,0.065444437,0.004528513,-0.011433102
"Pulmonary embolism and infarction, acute",415.11,circulatory system,-4.719141747,0.035888925,-0.010682815,-0.023195149,0.023846152,0.038446703,0.151993007,-0.005170157,0.033585075,-0.000432746,-0.097581052
Vitamin B-complex deficiencies,261.2,endocrine/metabolic,-5.980351233,0.03244771,-0.063204242,-0.027403972,-0.023426237,-0.003808738,0.040734875,0.037554739,-0.040957167,0.014095262,-0.030182791
Type 2 diabetes,250.2,endocrine/metabolic,-3.399265597,0.077695167,0.049126789,-0.029733572,-0.043848814,0.068364232,0.06252801,0.052508941,-0.031720483,-0.044495985,-0.055878809
"Chronic kidney disease, Stage I or II",585.4,genitourinary,-5.864505255,0.083433544,0.035266629,0.016934147,-0.09741905,-0.022466054,0.075871031,-0.000451953,-0.012936892,-0.029928863,-0.007457827
Pleurisy; pleural effusion,507,respiratory,-3.642613069,0.103628612,-0.027799967,-0.030405577,-0.038556221,-0.046358457,0.161390641,-0.020763177,-0.023636043,0.000364607,-0.040766571
Pulmonary collapse; interstitial and compensatory emphysema,508,respiratory,-2.682110967,0.082649247,0.012554253,-0.053116481,-0.044421859,-0.012413283,0.117199123,-0.013178247,0.018245372,0.001013895,-0.073033915
Fluid overload,276.6,endocrine/metabolic,-4.514568373,0.090845753,0.029812292,-0.037513636,-0.108584745,-0.011207842,0.145203901,-0.0013557,0.021174666,-0.01083208,-0.024995854
"Gastritis and duodenitis, NOS",535.9,digestive,-5.396772019,0.001933938,0.026337048,-0.054941944,0.009294465,-0.042579123,0.059940622,-0.00300174,-0.043629803,0.001697286,-0.015631562
Dysphagia,532,digestive,-4.334993252,0.055424453,-0.002466156,-0.061846794,-0.019286427,-0.022171556,0.108721583,-0.04785973,-0.02778597,0.007372038,-0.040251198
Postinflammatory pulmonary fibrosis,502,respiratory,-4.669080286,0.054721364,0.00465034,-0.028545746,-0.09367308,-0.035067596,0.094658673,-0.005410683,-0.03465096,-0.018229292,0.028958496
Calculus of kidney,594.1,genitourinary,-3.77256704,0.005424542,0.049855111,0.005001706,-0.079394603,-0.03573656,-0.014083003,0.063504705,0.033671223,-0.065841522,0.014880267
Cough,512.8,respiratory,-3.70595267,-0.053889065,0.029470013,-0.022115281,-0.032817573,0.023074124,0.035014359,-0.029031436,0.025305717,0.012529836,-0.095202187
Nonrheumatic mitral valve disorders,395.1,circulatory system,-4.196981577,0.066968608,0.033290234,-0.066222319,-0.013382462,-0.082225117,0.055433763,0.030171071,0.043600443,-0.020938272,-0.008677754
Palpitations,427.9,circulatory system,-4.27816787,-0.035419811,-0.001907896,-0.031192366,-0.014946688,0.011226508,0.053467023,-0.032569884,0.084738652,-0.02487788,-0.036227403
Disease of tricuspid valve,394.7,circulatory system,-5.4933429,0.052588053,0.04189673,-0.089243434,-0.074201824,-0.082568469,0.115227359,0.012898631,0.012846468,-0.040578174,-0.008041774
Osteopenia or other disorder of bone and cartilage,743.9,musculoskeletal,-4.797441195,0.001250002,0.003752069,-0.055884226,0.016268031,-0.017916784,0.04242973,-0.090893535,-0.002367213,-0.011792956,-0.047614897
Kidney replaced by transpant,587,genitourinary,-6.964542733,-0.029360937,0.133143981,-0.076819475,-0.139796825,-0.049534706,0.035814216,-0.041374298,-0.205194624,-0.067782892,-0.073736165
Immunity deficiency,279.1,endocrine/metabolic,-5.618190847,0.059320395,0.002085105,-0.039474304,-0.076758458,-0.059804727,0.108487173,-0.024134988,-0.138643729,0.016416782,-0.040737619
Abnormal findings examination of lungs,514,respiratory,-2.652522825,0.073291349,-0.030692697,-0.017085654,-0.047011518,-0.001191472,0.082945204,-0.039902999,0.001682338,0.023201457,-0.061690962
End stage renal disease,585.32,genitourinary,-6.578959591,0.033953309,0.103709728,-0.070143332,-0.15959497,-0.04192549,0.038475685,-0.006557348,-0.051463978,-0.084755659,-0.001725878
Secondary malignancy of lymph nodes,198.1,neoplasms,-6.416036529,-0.035507208,-0.15159794,-0.072191183,0.102372795,0.010636724,0.026108337,-0.081764065,-0.000827927,-0.026779003,0.017401422
Melanomas of skin,172.11,neoplasms,-6.045022577,0.091497355,-0.003549508,0.040255812,0.025198766,0.03971112,-0.047604441,-0.08506137,0.049144213,-0.003539638,0.064259275
Noninflammatory female genital disorders,619,genitourinary,-6.904979055,-0.009221358,-0.111967055,-0.159870334,0.011018864,0.050498012,0.028030646,0.0065553,-0.097073559,0.085850231,0.036655127
Hemorrhoids,455,circulatory system,-5.511885964,0.032459378,0.00336153,-0.040677378,-0.021925774,0.02237998,0.097729451,-0.028774722,-0.019687893,-0.032887664,0.043879023
Benign neoplasm of colon,208,neoplasms,-4.457337815,0.038142498,0.03450823,-0.01468012,0.051749748,0.018879981,-0.004208226,-0.03406071,-0.051662543,-0.000592169,0.016406228
Noninfectious gastroenteritis,558,digestive,-4.41105795,-0.020118018,0.033870975,-0.045376352,0.047993557,-0.032120204,0.072585053,0.016393279,-0.050996689,0.041981147,-0.003274501
Other disorders of intestine,569,digestive,-4.045529777,0.023380298,0.009004332,-0.030342266,0.010868959,-0.018728718,0.09896817,-0.034814705,-0.082665534,0.005709508,-0.043030711
Hypothyroidism NOS,244.4,endocrine/metabolic,-3.7487435,0.014812741,-0.040521671,-0.052299784,0.005800638,0.010633758,0.023529667,-0.010679975,-0.021482297,-0.04210233,-0.038150595
Secondary malignant neoplasm,198,neoplasms,-5.105538737,0.07073692,-0.02255735,-0.008768879,0.068980132,-0.019159593,0.050664816,-0.0791855,-0.068483689,-0.014860925,0.012381737
Diseases of pancreas,577,digestive,-4.918667134,0.060524761,-0.026069597,-0.008617189,0.026522117,-0.0070346,0.055619872,-0.020443626,-0.09810927,-0.03586362,-0.04469634
Chronic pancreatitis,577.2,digestive,-6.182261038,0.03666611,-0.013319082,-0.001094412,0.011030689,-0.050477721,0.00968529,-0.053193858,-0.104841403,-0.020815397,-0.029658947
Other disorders of peritoneum,568,digestive,-5.026560698,0.052825197,-0.010592108,-0.035668338,-0.039959329,-0.014057034,0.15655786,-0.050896633,-0.150496615,0.02812089,-0.104266937
Malignant neoplasm of female breast,174.11,neoplasms,-5.3777829,-0.096493415,-0.134112884,-0.107658534,0.051491686,0.018128354,-0.00688774,-0.059791928,-0.020552031,-0.072650414,-0.003798588
Other upper respiratory disease,479,respiratory,-5.346730769,-0.017680379,-0.01056869,0.010503403,-0.070514677,0.01466729,0.081511498,-0.011075054,-0.002045772,0.005423548,-0.053497399
Cancer of connective tissue,170.2,neoplasms,-6.045346766,0.055708945,-0.042016955,0.043515938,-0.049993951,0.010909069,0.002143381,-0.060566605,-0.015979224,0.002361828,-0.00056477
Secondary malignancy of bone,198.6,neoplasms,-5.073987593,0.062119777,-0.036846531,-0.0004496,0.045387406,-0.015589398,0.081683695,-0.060438691,-0.040407217,-0.024621851,-0.007590207
Mixed hyperlipidemia,272.13,endocrine/metabolic,-3.981904867,0.04432928,0.027135208,-0.005297675,-0.032395993,0.047950438,-0.002482017,-0.005467714,0.012786818,-0.018207682,-0.027037112
Elevated prostate specific antigen [PSA],796,genitourinary,-6.373513156,0.139564815,0.106702391,0.145941794,0.003009501,-0.016196251,-0.059453304,-0.001275033,-0.001443488,-0.019303476,-0.00277356
Nonrheumatic aortic valve disorders,395.2,circulatory system,-4.303640477,0.131231883,-0.002730897,-0.036649356,-0.040512904,-0.060228333,-0.008657237,0.02888417,0.14117729,0.009347786,0.010155085
Hepatomegaly,573.3,digestive,-5.148679637,0.028700631,0.042176149,-0.013859331,-0.016875924,0.058899002,0.08138249,0.019145942,-0.048275592,0.017174214,-0.031724239
Other chronic nonalcoholic liver disease,571.5,digestive,-3.904076783,0.034237175,0.021560446,-0.021916111,-0.009689346,0.053499369,0.077221574,-0.001807194,-0.046536425,-0.016576252,-0.006944761
Other diseases of lung,510,respiratory,-3.768309149,0.028680448,0.029620612,-0.032100755,-0.067863629,-0.020473064,0.066391869,-0.018950986,-0.020246035,-0.000264057,-0.038651839
Precordial pain,418.1,circulatory system,-5.915356038,-0.038169395,0.047193923,-0.015853078,-0.016522354,0.04800111,0.056387481,-0.039788395,0.129090471,0.017238603,-0.083300592
Osteoarthrosis NOS,740.9,musculoskeletal,-4.675380594,0.125739416,-0.044784868,-0.066164703,-0.0028565,0.068560129,0.007584284,0.011708551,0.008202805,-0.025350267,-0.027765379
Osteoarthritis; localized,740.1,musculoskeletal,-4.676026269,0.125771704,-0.0447987,-0.066150865,-0.002829783,0.068572953,0.007597613,0.011671803,0.008185089,-0.025404726,-0.027745503
Hyperplasia of prostate,600,genitourinary,-5.803832581,0.161209274,0.102867614,0.070021125,-0.047185343,-0.015145681,0.056398086,-0.044511632,0.041198624,-0.048212691,-0.032441821
Stricture/obstruction of ureter,586.4,genitourinary,-6.044355345,0.127261429,0.0780224,0.054607999,-0.044475809,-0.013680875,0.014570874,-0.018847872,0.0173418,-0.031890871,-0.003991513
Sinoatrial node dysfunction (Bradycardia),427.8,circulatory system,-4.100560413,0.073318778,-0.008944112,0.019378939,-0.012040387,-0.035894336,0.04637258,-0.00059955,0.059394594,0.015197543,-0.039332123
Other specified cardiac dysrhythmias,427.3,circulatory system,-3.612235056,0.034125828,0.02308367,-0.009496518,-0.026650484,-0.02865016,0.053382562,-0.002779414,0.045415268,0.000458187,-0.043190403
Calculus of ureter,594.3,genitourinary,-5.416232515,-0.007159257,0.090560967,0.018226648,-0.136701119,-0.043623269,0.004680666,0.083595898,0.053439228,-0.103469373,0.020828763
First degree AV block,426.21,circulatory system,-5.507485082,0.130791931,0.003720163,-0.033172747,-0.028233965,-0.060874697,0.066831513,0.059543791,0.115522313,-0.022367773,0.003381909
Other forms of chronic heart disease,414,circulatory system,-5.535237967,0.085633375,0.01406521,-0.059864867,-0.061036077,-0.00556406,0.061971633,0.013528626,0.0370472,-0.006372759,-0.019200242
Cancer of brain,191.11,neoplasms,-6.221611262,0.026966576,-0.046317797,0.108233892,0.049897618,0.007904151,0.038249662,-0.017869361,0.057009264,-0.017715132,-0.025790658
Urinary tract infection,591,genitourinary,-3.772900838,-0.019392418,0.020039371,-0.127470846,-0.0435532,-0.043793792,0.07379876,0.028160819,-0.014893601,-0.031458666,-0.050641859
Thyroid cyst,246.2,endocrine/metabolic,-5.443607913,0.034820324,-0.090275054,-0.013389398,0.004345449,0.030826642,0.015147159,-0.068442666,0.014599028,-0.014415484,-0.058739893
Nontoxic uninodular goiter,241.1,endocrine/metabolic,-5.075889607,0.006177572,-0.067318528,-0.02797631,-0.004400354,0.0233684,0.010338265,-0.058092619,0.016859157,-0.018962411,-0.061936447
Diverticulosis,562.1,digestive,-4.101169958,0.055338801,0.059214941,-0.079604224,0.023474029,0.026277753,0.045999978,-0.043703128,-0.06378362,-0.061934493,0.022646147
Allergic rhinitis,476,respiratory,-5.330895262,-0.039000368,-0.04892724,-0.047698973,-0.023960513,0.059506838,0.041403792,-0.025065302,0.015099454,-0.012695248,0.000582841
Osteoporosis NOS,743.11,musculoskeletal,-5.476037962,0.028834971,-0.093974113,-0.156609533,0.020738901,-0.089295069,0.007595746,-0.056372497,-0.045886804,-0.061373003,-0.044952938
"Chronic Kidney Disease, Stage III",585.33,genitourinary,-5.545191556,0.118358339,0.085631721,-0.08977815,-0.118300849,-0.050330926,0.065079858,0.017480847,0.009264584,-0.048923743,-0.015351532
Chronic pulmonary heart disease,415.2,circulatory system,-4.759184297,0.080286531,0.04827668,-0.093969399,-0.101224093,-0.080864578,0.167719694,0.04586897,0.00773721,-0.04205723,0.006966355
Diaphragmatic hernia,550.2,digestive,-4.179162091,0.042040246,0.038812923,-0.088157998,-0.000499318,-0.003350837,0.027432606,-0.006104785,-0.013215866,-0.02380518,-0.015593327
Hypertensive chronic kidney disease,401.22,circulatory system,-4.449537297,0.128453415,0.082867645,-0.060734458,-0.108869378,-0.049114826,0.085887012,0.022704687,0.011215152,-0.039820359,-0.023826609
Other abnormal glucose,250.42,endocrine/metabolic,-4.298445293,0.028665402,0.04448102,-0.025904794,-0.023322992,0.061527617,0.062878681,0.014913415,-0.000897733,0.006840296,-0.024698021
Vitamin D deficiency,261.4,endocrine/metabolic,-4.701649626,-0.022646523,-0.033808371,-0.067090393,-0.023366544,0.047911017,0.030052413,-0.044469807,-0.002403089,-0.012500251,0.024543932
Nonspecific abnormal findings on radiological and other examination of biliary tract,575.9,digestive,-6.084711497,0.055101188,-0.001607142,-0.051208032,0.035293031,0.014354764,0.07245007,-0.044490019,-0.072040502,-0.012898106,-0.038510104
Cholelithiasis,574.1,digestive,-4.279232821,0.044733278,0.044912017,-0.057192156,-0.003770834,0.028834059,0.073181348,0.020267456,-0.008871176,-0.029727941,-0.018272483
Hyperosmolality and/or hypernatremia,276.11,endocrine/metabolic,-5.420412423,0.033208686,0.022025455,-0.06063866,-0.111431488,-0.046685617,0.188849729,-0.034489688,-0.06679951,-0.070317339,-0.078970702
Acute pancreatitis,577.1,digestive,-5.31264956,0.007088725,0.052077712,0.006084,-0.000222525,0.009312746,0.071368434,0.042098911,-0.095926736,-0.003481773,-0.075227415
Paralytic ileus,560.1,digestive,-4.791737936,0.024857002,0.051119631,-0.036444012,-0.009415165,-0.025524317,0.119029349,-0.038961114,-0.085666609,0.002607115,-0.105581478
Calculus of bile duct,574.2,digestive,-6.070294938,0.037329819,0.026876279,-0.035526357,0.07115857,0.038416062,0.084174951,0.062123679,-0.023470767,-0.028241494,0.024872926
Rheumatoid arthritis,714.1,musculoskeletal,-5.93046971,0.041144233,-0.011289085,-0.073544903,-0.066367449,0.031160794,0.068010735,0.033207236,-0.025376243,-0.005617815,-0.005053227
Colon cancer,153.2,neoplasms,-5.601795099,0.094874661,-0.024630723,0.002943022,0.092688327,0.012302865,-0.005118313,0.007690096,-0.057613762,-0.032147441,0.001405474
Atrial flutter,427.22,circulatory system,-5.272966197,0.100658113,0.096944317,-0.05769487,-0.048361188,-0.049302561,0.110537234,0.023521693,0.114362309,0.006863548,0.00751396
Heart failure with preserved EF [Diastolic heart failure],428.4,circulatory system,-5.809675666,0.129535952,0.021004466,-0.116102648,-0.111424008,-0.012172089,0.127246708,0.041032134,0.043071841,-0.041471518,-0.025747289
Disorders of adrenal glands,255,endocrine/metabolic,-5.888036539,0.031790818,0.022692456,-0.071843474,0.036623611,0.029999708,0.049429151,-0.007535571,-0.04002935,-0.023256004,0.004148595
Solitary pulmonary nodule,514.2,respiratory,-3.428787362,0.064128464,-0.052084496,-0.009914358,-0.050273982,0.003128484,-0.008344368,-0.082008784,0.023692036,0.051262921,-0.054634437
Heart transplant/surgery,429.1,circulatory system,-3.094693021,0.068083499,-0.044085462,-0.016729955,-0.010263966,0.013840069,0.074973438,-0.024120568,0.023613847,-0.003625397,-0.009052155
Aortic aneurysm,442.1,circulatory system,-6.258053679,0.126397372,-0.009421026,0.009740831,0.006761121,-0.043736271,0.026767295,0.009050985,0.160145721,0.007221519,0.037366359
Cancer of prostate,185,neoplasms,-5.23450225,0.181872825,0.110164912,0.144007924,0.014787139,-0.023121584,-0.062466835,-0.034918528,-0.02466292,-0.056130433,0.012337075
Respiratory failure,509.1,respiratory,-5.118420445,0.027347208,0.024453668,-0.050735233,-0.106030353,-0.048038751,0.213565438,-0.043842446,-0.073625103,-0.039350177,-0.101835106
Cardiac arrest,427.42,circulatory system,-6.27879253,0.047648647,0.027595963,-0.073261973,-0.078899987,-0.052985925,0.159138308,-0.030258312,-0.006354085,-0.062354687,-0.084810103
Acidosis,276.41,endocrine/metabolic,-4.721169921,0.059001671,0.028533864,-0.043039334,-0.107087822,-0.038049845,0.1604193,-0.01000534,-0.054638642,-0.009939954,-0.084389072
Other pulmonary inflamation or edema,505,respiratory,-5.23917337,0.091001588,0.014213574,-0.084668156,-0.117867717,-0.058250624,0.153908497,-0.011006349,-0.001041857,-0.028083218,-0.054969885
Tachycardia NOS,427.7,circulatory system,-3.602205674,0.008489951,0.003099153,-0.037437823,-0.022258459,-0.012403519,0.166721325,-0.027819912,-0.011229089,-0.011095916,-0.078743807
Myocardial infarction,411.2,circulatory system,-5.718996283,0.122152325,-0.000563867,-0.004538304,-0.037105629,0.034272523,0.094909835,-0.013529701,0.0126209,-0.021055007,-0.019507275
Chronic renal failure [CKD],585.3,genitourinary,-4.45213656,0.109380071,0.076982982,-0.073463556,-0.137348342,-0.048682809,0.117138336,0.02523168,-0.003377741,-0.047357752,-0.044258874
Hypertensive heart and/or renal disease,401.2,circulatory system,-6.453672144,0.170126462,0.01649393,-0.044507312,-0.171547292,-0.019912635,0.18572889,0.020584629,0.047152237,-0.035396696,-0.02793815
Pneumonia,480,respiratory,-3.78605194,0.021158313,0.028610153,-0.032091588,-0.071322403,-0.061522584,0.146859161,-0.002383819,-0.047499739,-0.007123275,-0.06059008
Malignant neoplasm of bladder,189.21,neoplasms,-6.373434701,0.162385449,0.042193957,0.07235077,-0.031868204,-0.043924119,-0.03668192,-0.005664732,0.001088913,-0.025672516,0.00887958
Secondary malignant neoplasm of digestive systems,198.3,neoplasms,-5.835168924,0.024363241,-0.032176074,-0.011048326,0.03751265,0.019450136,0.093968153,-0.058081547,-0.146535726,-0.017612451,-0.046606076
Other disorders of the kidney and ureters,586,genitourinary,-4.386628646,0.032945166,0.080817195,-0.070537375,-0.054183902,-0.018776103,0.057900775,-0.014510072,-0.036229037,-0.037153974,0.009275039
Liver abscess and sequelae of chronic liver disease,571.8,digestive,-6.3942072,0.055681117,0.018910063,-0.011007602,-0.060826366,-0.035172331,0.165180743,-0.018397135,-0.167898754,-0.03215107,-0.091451089
Orthostatic hypotension,458.1,circulatory system,-5.673969473,0.051757586,-0.012262156,-0.04643579,0.011291854,-0.039998597,0.08873105,-0.021975483,-0.005669706,-0.033570439,-0.094748137
Symptoms involving respiratory system and other chest symptoms,519.9,respiratory,-5.125453454,-0.025989286,-0.021484132,0.013275721,0.030517915,0.014748391,0.041743525,-0.068085454,0.0096288,-0.039351586,-0.055052778
"Other diseases of respiratory system, NEC",519.8,respiratory,-6.253566108,0.035097296,-0.055132962,-0.01754232,-0.022921824,-0.035775818,0.187042143,-0.062570378,-0.023936396,-0.027220462,-0.048777106
"Malignant neoplasm of liver, primary",155.1,neoplasms,-6.365601684,0.11113818,0.040449867,0.056536148,-0.03837703,0.048129884,0.015864075,0.002107142,-0.103369959,0.066269375,-0.067932405
Diseases of esophagus,530,digestive,-5.993294092,0.041680014,0.054993243,-0.016511582,0.011951899,0.010255771,0.059496487,-0.042056093,-0.022249841,-0.012251039,-0.01614874
"Other chronic ischemic heart disease, unspecified",411.8,circulatory system,-5.675776993,0.104616434,0.11352259,-0.06627473,-0.113947576,-0.077214428,0.164682097,0.018739134,-0.00036332,-0.027964239,-0.024941418
Gross hematuria,593.1,genitourinary,-5.536951533,0.063784601,0.019251429,-0.029226646,-0.048352188,-0.019116498,-0.006338802,0.036300875,0.026574916,-0.106560219,-0.007796812
Disorders of magnesium metabolism,275.3,endocrine/metabolic,-4.153851946,0.052584925,0.006586596,-0.042100953,-0.031953978,-0.041382696,0.128397036,-0.005276623,-0.017108329,-0.015879316,-0.056408647
Hypocalcemia,275.51,endocrine/metabolic,-5.389903723,0.023565537,-0.019142289,-0.039734595,-0.066608675,-0.028213053,0.112747763,-0.064159217,-0.062546594,-0.015432173,-0.078917688
Iatrogenic hypotension,458.2,circulatory system,-5.34032732,0.083002194,0.020759126,-0.044160437,-0.058011667,-0.013166628,0.087380045,-0.025881258,-0.01276383,-0.01281034,-0.078363416
Hematuria,593,genitourinary,-4.318291277,0.005521304,0.069206441,-0.025554509,-0.053800456,-0.050009977,0.003672565,0.036538694,0.036560286,-0.060429497,0.010298968
Other intestinal obstruction,560.4,digestive,-4.884956362,0.016555722,0.047649396,-0.0480552,0.018122037,-0.041398513,0.072207816,0.009543113,-0.127090739,-0.008360658,-0.08853625
Regional enteritis,555.1,digestive,-6.201676484,-0.069030731,0.005943894,0.036853013,0.037878612,-0.076031871,0.043414136,0.007072368,-0.119147733,0.064530084,-0.029288229
Ulcerative colitis,555.2,digestive,-6.025554641,-0.014341868,0.01992798,0.021622172,0.034006661,-0.031536964,0.028548956,0.017805656,-0.035890125,0.045479073,0.009209147
Nutritional marasmus,260.22,endocrine/metabolic,-4.708673737,0.080640577,-0.032301015,-0.0355539,-0.030623724,-0.084470996,0.180998413,-0.048776451,-0.103641525,-0.015457103,-0.069942395
severe protein-calorie malnutrition,260.2,endocrine/metabolic,-4.70115063,0.079193887,-0.031388621,-0.035232757,-0.029193638,-0.083194663,0.183626451,-0.047450367,-0.106613582,-0.011426915,-0.067986718
"Peripheral vascular disease, unspecified",443.9,circulatory system,-4.837051487,0.113468987,0.015826265,-0.065723469,-0.060385061,-0.061463814,0.064780601,0.033971176,0.053419327,-0.023245185,-0.013508794
Abnormal chest sounds,512.3,respiratory,-4.160203965,0.104031926,-0.019676261,-0.025820974,-0.05936165,-0.018958116,0.088477726,0.002157496,0.044189596,0.012774066,-0.025393998
Supraventricular premature beats,427.61,circulatory system,-5.402143814,0.102501975,0.018378639,-0.058616115,-0.01753545,0.001809491,0.070642593,-0.034640833,0.050860928,0.031060574,-0.019564812
Symptoms involving cardiovascular system,429.3,circulatory system,-4.067659177,0.109119744,-0.005479396,-0.034561485,-0.058338612,-0.024427198,0.082368431,0.010754024,0.050177156,0.012928557,-0.022436918
Acute pharyngitis,465.2,respiratory,-5.879727538,-0.048175777,0.036526731,-0.011045015,0.025446804,0.053703679,0.064597979,0.014360348,0.01946031,0.02996453,-0.006129758
Other dyspnea,512.9,respiratory,-3.137958791,0.015295157,-0.008877143,-0.036477037,-0.055571676,0.023734805,0.082585115,-0.031244157,0.024175653,-0.017525757,-0.055265151
Arterial embolism and thrombosis of lower extremity artery,444.1,circulatory system,-6.70465498,0.066796005,0.07363941,-0.08676904,-0.122186728,-0.074193095,0.142719371,-0.000674383,0.059492519,-0.045332852,-0.036023235
Heart valve replaced,395.6,circulatory system,-5.345605301,0.149434265,-0.068524661,-0.011518045,-0.070743603,-0.027675735,0.043495948,0.041541573,0.125725053,0.012701664,0.031468091
Occlusion and stenosis of precerebral arteries,433.1,circulatory system,-5.611754427,0.114426938,0.037662007,-0.10851478,-0.038707148,-0.086387009,0.032526616,0.040960853,0.079870754,-0.064052548,-0.012421629
Other symptoms involving abdomen and pelvis,579,digestive,-4.987664544,0.003104732,-0.019401073,-0.067380761,0.037732274,-0.007428629,0.033292187,-0.014380082,-0.098572704,0.025052384,0.013352927
Arthropathy NOS,716.9,musculoskeletal,-6.167125875,0.064469111,0.014741003,0.01727155,-0.021652522,0.064008438,-0.009215713,-0.078884557,0.027611915,-0.022982427,0.035247595
Emphysema,496.1,respiratory,-4.809658629,0.100200476,0.020723522,-0.051909728,-0.016805119,-0.090169633,0.060343399,-0.008086064,0.000941661,0.046243908,-0.051426934
Other disorders of thyroid,246,endocrine/metabolic,-5.974291171,0.012664193,0.003572274,-0.057716287,-0.000115772,-0.000144377,0.025586728,-0.004648736,0.014300738,0.008645759,-0.003047653
Reticulosarcoma,202.22,neoplasms,-6.376191657,-0.005418707,-0.041449948,0.089149793,0.071010727,-0.037780365,0.043529309,-0.003710669,-0.004999781,-0.082979667,-0.038610472
Other disorders of stomach and duodenum,537,digestive,-4.939295731,0.077518245,0.014841777,-0.0162341,0.036284857,-0.015107841,0.082450064,-0.06548656,-0.051401406,0.03262335,0.020974124
Other cardiac conduction disorders,426.8,circulatory system,-5.422635866,0.020540324,0.013585239,-0.050591357,-0.051868966,-0.023283278,0.147079251,-0.024865968,-0.000238671,-0.024748195,-0.039235713
Dysuria,599.3,genitourinary,-4.942901735,-0.054510373,0.063572249,-0.07417864,-0.037296152,-0.046192333,0.037745372,0.049507528,0.005892353,0.025774078,-0.001648756
Retention of urine,599.2,genitourinary,-4.476173479,0.055905268,0.025938296,-0.015773987,-0.020135328,-0.033165204,0.099083793,-0.002831756,-0.013105695,-0.034935306,-0.070238393
Other alveolar and parietoalveolar pneumonopathy,504,respiratory,-5.402321754,0.07295529,-0.045523584,-0.022989966,-0.152964289,-0.026672141,0.127814684,0.072859865,-0.104737605,-0.007260127,0.005611257
"Cerebral artery occlusion, with cerebral infarction",433.21,circulatory system,-6.146004535,0.041744747,0.003978687,-0.090962798,0.016302844,-0.052591621,0.087859576,0.077676652,0.037436053,-0.031309856,-0.038559113
Splenomegaly,579.2,digestive,-5.702151812,0.009151252,0.031335625,0.049678975,-0.027874874,0.021418017,0.093393033,0.042225303,-0.055764536,-0.056010622,-0.042951572
Pulmonary congestion and hypostasis,503,respiratory,-4.589298271,0.093994261,0.02293452,-0.073328122,-0.104098168,-0.039280501,0.177185121,-0.004796653,0.006017079,-0.009331627,-0.04727168
Abdominal aortic aneurysm,442.11,circulatory system,-5.983339398,0.128467152,0.069674199,-0.028358999,-0.027356233,-0.033322248,0.016970273,-0.009665789,0.092508984,-0.047842273,-0.024225201
Chronic airway obstruction,496,respiratory,-4.387741225,0.12238119,0.023664824,-0.07232657,-0.043111127,-0.073796671,0.024817891,0.031804194,0.029745546,0.015648706,-0.057321504
Frequency of urination and polyuria,599.5,genitourinary,-4.811464868,-0.040129082,0.033928535,-0.048910496,-0.003108176,-0.02927076,-0.00183476,0.020677568,-0.015342199,-0.002395001,-0.01341941
Chronic sinusitis,475,respiratory,-5.326347247,-0.044979625,-0.021031685,-0.010372186,-0.007097318,0.028212444,0.029928061,-0.046999407,-0.051345499,0.005245842,-0.026510801
Pancreatic cancer,157,neoplasms,-5.897422124,0.087662195,-0.067838079,0.032315391,0.037934878,-0.008271274,-0.030365072,-0.002234819,-0.079073017,-0.055234294,-0.035363791
Deep vein thrombosis [DVT],452.2,circulatory system,-4.746897768,0.043759287,-0.00506849,-0.0225946,-0.011511857,0.009976835,0.144783538,-0.025099694,-0.010678629,-0.025719887,-0.063922515
Excessive or frequent menstruation,626.12,genitourinary,-7.704424231,-0.196671765,-0.119910306,-0.147072441,-0.08134825,0.069828586,0.077594978,0.095814343,-0.018783947,0.07868859,0.00015604
Reflux esophagitis,530.14,digestive,-5.808515239,-0.006463225,0.031147479,-0.026038902,-0.022585185,-0.004702242,0.002706512,-0.043561888,-0.045725487,0.024056904,-0.036986553
Acute upper respiratory infections of multiple or unspecified sites,465,respiratory,-5.174646516,-0.068065077,0.026515501,-0.038718075,-0.028944997,0.000221778,0.034470983,0.030354262,0.037965031,-0.003698342,-0.068654515
Left bundle branch block,426.32,circulatory system,-5.936399436,0.106799391,0.009005837,-0.053232676,-0.050444477,-0.020673396,0.03511873,0.073260629,0.085065392,0.000710669,-0.030234429
Diverticulitis,562.2,digestive,-4.860635518,0.021111695,0.050966003,-0.05164813,0.069897191,0.016586393,0.006660154,0.008752003,-0.102779278,-0.058566634,0.023774173
Peritoneal adhesions (postoperative) (postinfection),568.1,digestive,-5.248522384,0.031526958,0.026472523,-0.059675578,0.021228641,0.029399719,0.075516602,-0.055561915,-0.091275111,-0.033167436,-0.042605073
Hydronephrosis,595,genitourinary,-4.9544524,-0.014047785,0.062118764,-0.053092602,-0.037712536,-0.033596905,0.028247195,0.036639007,-0.012745713,-0.053536098,-0.025633045
Transient cerebral ischemia,433.31,circulatory system,-5.393754333,0.064904669,-0.013872467,-0.04588349,0.000966836,-0.029297337,0.041517186,0.022012164,0.048110789,-0.001497154,-0.008515418
Wheezing,512.1,respiratory,-6.030725133,-0.020465307,-0.022328947,0.002049937,-0.074542888,0.067583589,0.014869773,-0.029805239,0.048188287,0.013080566,-0.134716697
Heartburn,530.9,digestive,-5.867390933,-0.013624647,0.002299781,-0.054316491,0.024931655,0.023085632,0.041083607,0.003214139,0.018406184,0.020059687,-0.017252937
Symptoms and disorders of the joints,741,musculoskeletal,-5.204944175,0.051428658,-0.036695895,-0.008169527,-0.031132512,0.003249443,0.155820028,-0.060511867,-0.031367106,-0.012987582,-0.049707217
Spondylosis without myelopathy,721.1,musculoskeletal,-5.703860889,0.044286046,-0.036462342,-0.02644677,-0.012574783,-0.022799978,0.060391514,0.026239364,0.027781391,-0.003671472,-0.082906089
Obstructive chronic bronchitis,496.21,respiratory,-4.868139629,0.147860775,-0.016565358,-0.053882878,-0.037921289,-0.062367235,0.016368623,0.028922227,0.019693982,0.032342181,-0.06903097
Chronic obstructive asthma,495.1,respiratory,-4.726868328,0.134800545,-0.008279955,-0.051726493,-0.040939977,-0.066073761,0.015970892,0.027003332,0.020016837,0.025419765,-0.055212474
Proteinuria,269,endocrine/metabolic,-6.010787463,0.062863558,0.051000867,-0.039509839,-0.112777574,-0.019688886,0.035297667,0.037262166,-0.028216513,-0.013557378,-0.020186423
Anorexia,260.6,endocrine/metabolic,-4.94217282,0.012683907,0.069026658,-0.033691677,0.028427465,-0.072508388,0.078656763,-0.000130312,-0.05830694,0.037163236,-0.009976219
Other disorders of bladder,596,genitourinary,-5.033527376,0.07527226,0.023238555,0.012227237,-0.035917814,-0.028608047,0.094044709,-0.053307771,-0.007246917,0.003392758,-0.037135339
Symptoms involving digestive system,561,digestive,-5.060538088,0.000757019,0.008694263,-0.035461977,0.021474791,-0.010286027,0.068380024,-0.05000953,-0.08095391,0.003327905,0.057835094
Atrophic gastritis,535.2,digestive,-5.239076703,0.030905789,0.023242825,-0.039227342,0.031308227,0.017577394,0.060021538,-0.047226992,-0.02563477,0.036565621,0.03318081
Endometriosis,615,genitourinary,-7.393875087,-0.109601011,-0.107986676,-0.18691758,-0.011495962,0.150341662,0.000882839,0.019377425,0.004332703,0.085607521,-0.019893317
Hemorrhage of gastrointestinal tract,578.9,digestive,-4.889444318,0.069607609,0.02844708,-0.049004062,-0.022642349,-0.028960462,0.097362563,-0.00934871,-0.058332878,0.002008595,-0.079891041
Blood in stool,578.2,digestive,-4.761764128,0.021812285,0.044736559,-0.048800405,-0.004106486,-0.022798139,0.096602238,-0.020558235,-0.043776949,0.005633379,-0.053917413
"Malignant neoplasm of rectum, rectosigmoid junction, and anus",153.3,neoplasms,-6.20847678,0.043554533,-0.034776846,0.059545291,0.088596553,0.015261021,0.015660707,-0.0677224,-0.069630719,-0.031419425,0.052618552
Chronic venous insufficiency [CVI],456,circulatory system,-5.957042093,0.057177033,0.061087485,-0.062048426,-0.021328346,0.082764302,0.050655233,0.039437431,0.01338011,-0.035274588,-0.020492095
Erectile dysfunction [ED],605,genitourinary,-6.391396522,0.121126479,0.166345802,0.128405204,-0.003548846,-0.015671505,-0.017301999,-0.055169797,0.025901652,0.017116382,-0.048924971
Painful respiration,512.2,respiratory,-5.065039846,-0.056689325,0.0162079,-0.019287554,-0.011713571,0.03382181,0.093197858,-0.015684941,0.089716118,-0.000321713,-0.056150499
Umbilical hernia,550.4,digestive,-4.958443148,0.012295178,0.067392815,-0.021832663,0.023256821,0.05088059,0.079988745,0.017189744,-0.029749941,-0.000279887,0.013243396
Peritonitis and retroperitoneal infections,567,digestive,-6.11906945,0.003096986,0.033650916,-0.045040031,-0.029112092,-0.002978919,0.144468985,-0.016245653,-0.143212009,0.030491802,-0.110306039
"Cyst of kidney, acquired",586.2,genitourinary,-4.451283271,0.076358224,0.056328552,-0.025192812,-0.000663527,-0.011213917,0.041629007,-0.022317836,-0.026867069,-0.052617137,-0.010816067
Cancer of bronchus; lung,165.1,neoplasms,-5.02201567,0.071668927,-0.062816952,-0.012917097,0.063696067,-0.04393884,0.052428621,0.029005015,0.005890815,-0.014064564,-0.018751458
Hyposmolality and/or hyponatremia,276.12,endocrine/metabolic,-4.037409216,0.044107051,0.012523153,-0.035358814,-0.03475505,-0.025634905,0.138817248,-0.013230039,-0.060570971,-0.017087359,-0.093454488
"Cancer, suspected or other",195,neoplasms,-5.454297877,0.03928734,-0.013322262,0.005777512,0.059912443,-0.051062451,0.149214969,-0.061206994,-0.063014002,-0.032556616,-0.015479769
Disorders of phosphorus metabolism,275.53,endocrine/metabolic,-4.692367319,0.033245322,0.021523232,-0.062581421,-0.072796129,-0.03864438,0.146768949,-0.042194399,-0.041807999,-0.010355035,-0.060226125
Other disorders of soft tissues,729,musculoskeletal,-4.834429616,0.064688973,-0.01800347,-0.030620205,-0.039962115,-0.001255826,0.138877555,-0.005355159,-0.003628319,-0.001894533,-0.065066917
"Malignant neoplasm, other",195.1,neoplasms,-4.231351131,0.057052675,-0.035835596,0.035965145,0.0722793,-0.019418855,0.05253389,-0.021587628,-0.034326564,-0.02737317,-0.017111672
Other disorders of biliary tract,575.8,digestive,-5.233538557,0.057042166,0.024706672,-0.072556593,0.014613348,-0.031212575,0.087139743,-0.024673513,-0.093525833,-0.011729532,-0.049311418
Other disorders of liver,573,digestive,-4.159640313,0.020975762,0.016813356,-0.059052163,0.003451943,-0.022173978,0.075734349,-0.053556222,-0.049011968,0.00098107,-0.010655801
Acute appendicitis,540.11,digestive,-5.76369493,-0.072370567,0.099863325,0.006686402,0.026665539,-0.021892855,0.085507929,0.041912246,-0.058146333,0.039279091,0.051562368
Senile osteoporosis,743.12,musculoskeletal,-5.842825351,0.051828302,-0.124106815,-0.134508605,0.016833257,-0.07148093,0.029027876,-0.06429658,-0.057879011,-0.045172426,-0.050210677
"Chronic Kidney Disease, Stage IV",585.34,genitourinary,-6.161680001,0.09085439,0.033011926,-0.025793086,-0.151440461,-0.051638523,0.091426794,-0.001128942,-0.02274123,-0.057291754,-0.043642312
Non-Hodgkins lymphoma,202.2,neoplasms,-6.063104131,0.024790436,0.025313029,0.023879064,0.052562188,-0.00812807,0.02497299,-0.010933893,-0.056527777,0.028953356,-0.024182062
"Malignant neoplasm of kidney, except pelvis",189.11,neoplasms,-5.615507906,0.085287949,0.010080417,0.030993782,0.019111931,0.031722714,-0.041319715,-0.058065633,-0.048492847,0.008388054,-0.031311027
Hyperpotassemia,276.13,endocrine/metabolic,-4.592735135,0.073082812,0.062172663,-0.050751394,-0.093592921,-0.02445383,0.131319662,-0.012830554,-0.066028129,-0.025241265,-0.074678972
Electrolyte imbalance,276.1,endocrine/metabolic,-5.298062142,0.068289978,-0.00077493,-0.054461379,-0.077739989,-0.025869279,0.163231784,-0.043640914,-0.042061018,0.010199349,-0.071923577
Protein-calorie malnutrition,260,endocrine/metabolic,-5.048208,0.016639901,0.029777537,-0.056675052,-0.063772894,-0.074499546,0.171803073,-0.03825111,-0.102073281,-0.035155745,-0.09799703
Nonspecific abnormal findings in stool contents,579.8,digestive,-5.642483796,0.051844469,-0.030748444,-0.069605018,-0.006492796,-0.055411929,0.115070916,-0.028014417,0.00510008,0.010968024,-0.012129422
Type 1 diabetes,250.1,endocrine/metabolic,-6.255932801,0.026560129,0.040423789,-0.00477158,-0.039097594,0.02892277,0.0305947,0.055125987,-0.049320898,-0.075403229,-0.065779254
Hypotension,458,circulatory system,-5.817714285,0.081847688,-0.035930412,-0.006935513,-0.045996289,-0.008916628,0.138679671,-0.042684365,-0.008169831,-0.015027674,-0.032962309
Inguinal hernia,550.1,digestive,-5.506363957,0.083822841,0.103884156,0.073886826,-0.006915455,-0.048617395,0.039648513,-0.005020149,-0.004284415,-0.054152973,0.041572663
Gouty arthropathy,274.11,endocrine/metabolic,-4.113615107,0.040488065,0.005831857,0.008068534,-0.075384979,-0.018561079,0.013401365,0.035821482,0.04046593,-0.061730042,0.012895552
Irritable Bowel Syndrome,564.1,digestive,-5.267976287,-0.036101923,-0.029142755,-0.071230828,0.035197364,-0.056287651,0.003789938,-0.022120038,-0.037460026,0.031299252,0.020327665
Stomatitis and mucositis,528.1,digestive,-6.104435452,-0.000972377,0.018676454,-0.042422263,-0.071827664,0.006846987,0.095339086,-0.037821709,-0.086518674,-0.00511786,-0.011876629
Hypercalcemia,275.6,endocrine/metabolic,-5.813514629,0.030778783,-0.011407745,-0.057045954,-0.043030891,-0.054087563,0.1215049,-0.063044714,-0.056665533,-0.05308172,-0.066154759
Duodenitis,535.6,digestive,-6.083346047,0.018333018,0.027804702,-0.023078929,0.001598131,-0.029701223,0.075008748,-0.044748094,-0.073614515,0.038713837,-0.009738424
Neoplasm of uncertain behavior of skin,173,neoplasms,-5.625291595,-0.003516243,0.023600313,-0.018654131,-0.011916919,-0.022916848,0.034126766,-0.046105968,-0.039683349,0.00801249,0.040807307
"Peptic ulcer, site unspecified",531.4,digestive,-6.103092223,0.000752456,-0.001009157,-0.039894122,0.00385036,-0.017135778,0.057174116,-0.063762535,-9.89E-05,-0.032526144,-0.048068312
"Cardiac complications, not elsewhere classified",429.9,circulatory system,-5.266641081,0.092872768,0.078671861,-0.061770624,-0.084502686,-0.030436606,0.077471535,0.023782095,0.069591939,0.00121109,-0.024540996
Epistaxis or throat hemorrhage,477,respiratory,-5.963279996,0.010159128,0.026876256,-0.052887924,-0.073758048,-0.027023352,0.164843942,0.009440034,-0.080252374,-0.03506725,-0.02836903
Ventral hernia,550.5,digestive,-5.21731687,0.048889475,0.007794458,-0.053818743,0.02302074,0.092684959,0.068215788,0.01141158,-0.078132139,-0.049660637,0.011466532
Other abnormality of urination,599.9,genitourinary,-5.610127544,-0.02842484,0.046086722,-0.047205015,-0.026698517,-0.024251055,0.01095882,-0.006848522,-0.047597265,-0.014977041,-0.024518134
Right bundle branch block,426.31,circulatory system,-5.043815209,0.107188044,0.023111455,-0.032252141,-0.026444744,-0.018556092,0.082932835,0.038424321,0.018655752,-0.02943399,-0.023842947
Bronchitis,497,respiratory,-5.421039482,0.032905704,0.006354246,-0.045932741,-0.004722249,0.030924411,0.07978654,-0.033292963,0.03915014,0.025069588,-0.074410831
Adult failure to thrive,260.3,endocrine/metabolic,-5.951000295,0.036586744,0.004721112,-0.046366566,-0.00166262,-0.116524081,0.170182424,-0.074224949,-0.075536065,-0.0303768,-0.060388869
Hemorrhage of rectum and anus,578.8,digestive,-5.21743754,-0.025372236,0.057187789,-0.02847773,-0.032544586,-0.005984609,0.072956228,-0.007994517,-0.026615882,0.029241967,0.016757761
Benign neoplasm of other parts of digestive system,211,neoplasms,-5.937577985,0.043526928,0.005223427,-0.060375778,0.008601492,-0.024083259,0.026477021,-0.026632925,-0.082153968,-0.060951845,0.058156268
Other specified gastritis,535.8,digestive,-6.236116551,-0.006671074,0.076119719,-0.021588787,0.074715864,0.006460541,0.066380582,0.012734646,-0.058213059,0.043807566,-0.030326417
Pneumonitis due to inhalation of food or vomitus,501,respiratory,-5.76614428,0.01271525,0.056757716,-0.081988312,-0.063141882,-0.085963807,0.200367842,-0.034390417,-0.068261107,-0.036041862,-0.13116063
Pulmonary insufficiency or respiratory failure following trauma and surgery,509.3,respiratory,-6.93216551,-0.023648281,0.101719897,-0.148012417,-0.113927871,-0.109837363,0.133807893,-0.001654803,0.02780168,-0.027846809,-0.107717207
Secondary malignancy of brain/spine,198.5,neoplasms,-6.186755832,0.025714937,-0.051697017,-0.008160556,0.087256831,-0.022073213,0.112066421,-0.023394394,0.010766341,-0.035071536,-0.00706571
Secondary malignancy of respiratory organs,198.2,neoplasms,-5.824098338,0.052915848,-0.005006198,-0.02450686,0.022814014,-0.062881556,0.113318232,-0.076182797,-0.064804787,0.014739534,-0.022325801
Dependence on respirator [Ventilator] or supplemental oxygen,509.8,respiratory,-5.89218383,0.10823113,0.005599843,-0.06585856,-0.106833383,-0.035688977,0.227750009,-0.017947719,-0.073430821,-0.02421937,-0.005815262
Pyelonephritis,590,genitourinary,-5.818137875,-0.05628454,0.041949707,-0.138462407,-0.092223794,-0.06025721,0.046362499,0.066159754,0.003654956,0.037608381,-0.035456201
Portal hypertension,571.81,digestive,-6.823665859,0.081785265,0.037023059,-0.00407531,-0.065750057,-0.048023178,0.113843974,0.0224909,-0.203553135,-0.003549963,-0.15015995
Cirrhosis of liver without mention of alcohol,571.51,digestive,-5.394617034,0.082323724,0.043245749,-0.012085167,-0.074338278,-0.00964379,0.089270824,-0.014193538,-0.136552088,-0.016663295,-0.068764184
Bronchiectasis,496.3,respiratory,-5.816200726,0.037668167,-0.019635055,-0.075830516,-0.112130675,-0.118800006,0.038173898,-0.022781856,-0.098571891,-0.045140847,0.016274171
Chronic pharyngitis and nasopharyngitis,472,respiratory,-6.09549768,-0.023011323,0.004550905,-0.009465338,-0.077248392,-0.013701421,-0.062146197,-0.054447478,0.031228651,0.036275726,-0.07911033
Gastroparesis,536.3,digestive,-5.964559958,-0.027507286,-0.021966956,-0.050342234,-0.017987495,-0.027286163,0.054472951,-0.013393307,-0.087815588,-0.049310838,-0.024823783
Obstruction of bile duct,575.2,digestive,-6.046840494,0.066479292,-0.017257885,-1.97E-05,0.03008836,0.002323851,0.05438541,-0.032098449,-0.109000455,0.008771989,-0.07471307
Pericarditis,420.2,circulatory system,-5.322765119,-0.000747446,0.077538241,-0.066815586,-0.013141583,-0.057160119,0.095479021,0.00212064,0.043053142,-0.048573228,-0.004272146
Hemorrhage NOS,459.1,circulatory system,-6.298983228,0.091489699,0.069747376,-0.029630727,-0.086838047,-0.038522541,0.115316487,-0.027778841,-0.018021808,-0.028889075,-0.097220449
Acid-base balance disorder,276.4,endocrine/metabolic,-6.884231354,0.049109501,0.027967478,-0.086627954,-0.130636791,-0.025433328,0.199445244,-0.082091833,-0.053703608,-0.085132087,-0.058022102
Atherosclerosis of aorta,440.9,circulatory system,-4.95998006,0.129718267,-0.01322153,-0.070348288,-0.028535605,-0.047533,0.03644396,0.022527097,0.063511343,-0.011146387,-0.003879734
Empyema and pneumothorax,506,respiratory,-4.635224191,0.073012136,-0.04933123,0.024211368,-0.041092936,-0.06820092,0.09476657,-0.041768167,0.019716142,0.036446351,-0.010182592
Difficulty in walking,741.3,musculoskeletal,-6.211546924,0.053642787,-0.058163679,-0.087597996,-0.048520906,-0.061198972,0.132793081,-0.022160754,-0.002349376,-0.048335377,-0.076168962
Acute bronchitis and bronchiolitis,483,respiratory,-5.807822623,0.008876224,0.036250073,-0.029358042,-0.04486619,0.020036663,0.017428166,0.008281954,0.021322728,0.068674912,-0.063563015
Incisional hernia,550.6,digestive,-5.361212112,0.043890937,0.020513996,-0.069281192,0.013032152,0.063887322,0.05691521,0.0020737,-0.142975131,-0.067253581,-0.003335375
Cyst and pseudocyst of pancreas,577.3,digestive,-5.550177162,0.032918808,0.005772179,-0.012397908,0.043934308,0.031257418,0.059377873,-0.026498178,-0.088807649,-0.053186112,-0.055231318
Spinal stenosis of lumbar region,720.1,musculoskeletal,-6.114131694,0.051921766,-0.016602823,-0.075667171,-0.050924006,0.071633128,0.016206326,-0.026242956,0.068087453,-0.027746407,-0.090874013
Appendicitis,540.1,digestive,-5.834928791,-0.04842279,0.054289312,-0.00621454,-0.011026911,0.01744085,0.065735065,-0.034153525,-0.028473848,0.052341527,0.047205705
Appendiceal conditions,540,digestive,-5.987264307,0.00187832,0.000240916,-0.006047299,0.023731072,-0.041521588,0.031884394,-0.009176623,-0.050354532,0.0325685,0.076660802
Type 2 diabetes with neurological manifestations,250.24,endocrine/metabolic,-6.145578968,0.101103955,0.048653669,-0.047210019,-0.09160367,0.042260443,0.059861018,0.004818131,-0.014571239,-0.028015811,0.003428933
"Atrioventricular block, complete",426.24,circulatory system,-5.864262705,0.082612819,0.000756936,-0.058754074,-0.089021971,-0.053153619,0.060680979,0.037135972,0.076052168,-0.001296964,0.003767379
Alkalosis,276.42,endocrine/metabolic,-6.18106906,0.039618095,0.043082202,-0.042312733,-0.097024912,-0.031186406,0.216559478,-0.065361033,-0.065200424,-0.027069723,-0.07415025
Renal failure NOS,585.2,genitourinary,-6.307139327,0.036081608,0.073634369,-0.069942155,-0.106832914,-0.034127161,0.081464661,0.027749516,-0.081094776,-0.053151494,-0.071388024
Cerebral atherosclerosis,433.12,circulatory system,-6.7525967,0.127817801,0.004671223,-0.071887043,-0.111973719,-0.049241686,0.114138403,0.010983857,0.06615464,-0.030708565,-0.104292622
Secondary diabetes mellitus,249,endocrine/metabolic,-6.160765514,0.009791376,0.065881734,-0.066131187,-0.100346,-0.036139678,0.151195544,-0.023557917,-0.143691237,-0.042493731,-0.025724037
Cholecystitis without cholelithiasis,574.3,digestive,-6.067258973,0.038090916,0.03225783,-0.086117061,0.001987506,-0.002317472,0.074143851,-0.018165838,-0.078046052,0.004227161,-0.040625651
Cholelithiasis with acute cholecystitis,574.11,digestive,-6.095703793,0.011220628,0.072795035,-0.056977263,0.008255303,0.001121512,0.057738572,0.027787095,-0.056439984,-0.005308903,-0.053046458
Basal cell carcinoma,172.21,neoplasms,-6.096187221,0.083184039,-0.011232944,-0.017448128,0.052572178,-0.001083932,-0.063979046,-0.027339773,-0.043633416,-0.000488557,0.02812916
"Disorders of uterus, NEC",619.2,genitourinary,-6.599971641,-0.055042451,-0.055794041,-0.15135,0.013663255,0.013719942,0.050629824,-0.022800404,-0.0280913,0.040726471,0.007055141
Secondary malignant neoplasm of liver,198.4,neoplasms,-5.369038128,0.079556733,-0.025638114,0.001317168,0.069766101,-0.029882375,0.071527059,-0.015542491,-0.07616691,-0.000627329,-0.031765497
Microscopic hematuria,593.2,genitourinary,-5.495177624,-0.002563406,0.04671383,-0.010496369,-0.033672754,-0.051504496,-0.020903905,0.011986213,0.046394783,-0.045582029,0.041881093
Lump or mass in breast,611.3,genitourinary,-6.005176783,-0.107746983,-0.128561519,-0.124565158,0.023587807,0.041491077,0.013495549,-0.077349592,0.00934389,-0.009339858,-0.00525627
Uterine leiomyoma,218.1,neoplasms,-6.043825221,-0.128407531,-0.04076047,-0.193979583,-0.013385715,0.080323826,-0.001493946,-0.003726335,0.004934519,0.066765954,-0.018047752
Abnormal heart sounds,396,circulatory system,-5.434854138,0.019240111,-0.005008395,-0.01823208,0.015856725,-0.018950339,0.009957722,-0.040391971,-0.010074953,0.024292412,-0.040940248
Abnormal mammogram,611.1,genitourinary,-5.996315676,-0.110068365,-0.136649344,-0.141201564,-0.025235148,0.057861187,-0.029221799,-0.081546263,-0.010839593,0.010270108,-0.042534603
Voice disturbance,473.4,respiratory,-5.933454431,-0.014932161,-0.032003041,-0.029690709,0.011575283,-0.007445444,0.095188754,-0.011167645,-0.031961359,-0.018569006,-0.044245629
Aortic ectasia,447.7,circulatory system,-5.722383749,0.09717811,-0.059287044,0.036165261,0.006135677,0.003669217,-0.024714945,-0.003247486,0.169318014,0.047765463,0.019675457
"Noninflammatory disorders of ovary, fallopian tube, and broad ligament",619.1,genitourinary,-6.350094881,-0.06650577,-0.077915433,-0.120666287,0.007808685,0.006406515,0.032219674,0.060473821,-0.025618653,0.051906063,0.04014217
Abnormal results of function study of liver,573.7,digestive,-5.388750856,0.026004007,-0.03277006,-0.013594384,-0.020129498,-0.007157957,0.137867904,-0.019810968,-0.036160978,-0.00464052,-0.066439165
Cachexia,260.1,endocrine/metabolic,-6.738808859,0.059051225,-0.047953142,-0.01527576,0.01552353,-0.197903145,0.153692604,-0.067625092,-0.105985151,0.043123219,-0.111802083
Barrett's esophagus,530.13,digestive,-6.038587738,0.090234473,0.010098919,-0.00739517,0.007570494,0.02114606,0.029589145,0.006609893,0.021883935,-0.0427727,-0.005030972
Renal colic,594.8,genitourinary,-7.234134259,-0.072620473,0.137144618,0.005502465,-0.14464029,-0.037601543,-0.012389456,0.111674155,0.104593207,-0.135313176,0.082435887
Endocarditis,420.3,circulatory system,-6.185418767,0.045538492,0.008531461,0.035072472,-0.045245125,-0.022649191,0.13990138,-0.015160384,-0.005787157,-0.020384268,-0.086060268
Hemoptysis,516.1,respiratory,-5.623675124,0.048294915,-0.03889474,0.004746406,-0.025934606,-0.041934485,0.158150484,-0.027207716,0.001019197,-0.002833512,-0.022502466
Disorders of bilirubin excretion,277.4,endocrine/metabolic,-5.7058305,0.045729557,0.028572944,0.02224387,0.009195715,-0.018611505,0.14849099,-0.067299939,-0.076078859,0.042073012,-0.076148506
Acute and subacute necrosis of liver,573.4,digestive,-6.053449347,0.031920266,0.04634139,-0.039807663,-0.082086876,-0.040021111,0.172370908,-0.023399396,-0.118501628,-0.027775977,-0.114675841
Disorders of diaphragm,513.8,respiratory,-5.529281237,0.097706022,0.032526996,-0.032963164,-0.034637391,0.042685355,0.089753847,0.004790716,-0.013400735,-0.022504197,-0.092650467
Gastric ulcer,531.2,digestive,-5.807362262,0.030789043,0.036120972,-0.033333545,0.019182456,0.020482651,0.054396418,-0.048065952,-0.060714255,-0.019777065,-0.024098831
Other disorders of gallbladder,575.7,digestive,-5.330804408,0.056855676,0.05819009,-0.051802787,-0.021465953,-0.029328683,0.133559064,-0.020762401,-0.073169459,-0.004261401,-0.037557334
Degeneration of intervertebral disc,722.6,musculoskeletal,-5.21741303,0.067223688,0.004697982,-0.058549431,-0.004581932,0.012941126,0.066065389,0.011235937,0.033588343,-0.025740704,-0.068142925
Mitral valve stenosis and aortic valve stenosis,394.1,circulatory system,-6.656523987,0.137359439,-0.006182546,-0.108852602,-0.078889073,-0.125123674,0.082613333,0.074206174,0.09634478,-0.041008668,0.007809458
Pneumococcal pneumonia,480.11,respiratory,-5.930815642,0.034079291,0.016198605,-0.035687569,-0.043964125,-0.072564038,0.191298089,-0.054483795,-0.073760795,-0.031436159,-0.015599249
Respiratory insufficiency,509.2,respiratory,-6.678918825,0.035287693,0.003665674,-0.014951656,-0.110839935,-0.033909667,0.250574914,-0.027352416,-0.072557216,-0.0187044,-0.085586424
Neoplasm of unspecified nature of digestive system,158,neoplasms,-5.702187269,0.038809643,0.015093876,-0.010493197,0.075845574,-0.015585726,0.014956574,-0.052554665,-0.091129713,-0.022078883,0.04506931
Jaundice (not of newborn),573.5,digestive,-5.672018096,0.058402571,0.048342066,0.017818427,0.011136841,-0.001504729,0.10340131,0.010732602,-0.090729175,0.034572724,-0.039296301
Benign neoplasm of skin,216,neoplasms,-6.248548465,-0.069980686,0.068403463,-0.005095579,0.014707902,0.046369924,-0.043314513,-0.091338869,-0.026172337,-0.001537176,-0.024213555
Gastrointestinal complications,569.2,digestive,-6.110857929,0.035600002,-0.043408128,-0.049151287,0.002720604,-0.00539866,0.130605169,-0.044487477,-0.108842737,0.006397119,-0.04210943
Other specified disorders of plasma protein metabolism,270.38,endocrine/metabolic,-6.461213643,0.04359955,-0.00739532,-0.002837824,-0.035969853,-0.015619582,0.141343164,-0.036623727,-0.154540828,-0.000707587,-0.107125125
Urinary incontinence,599.4,genitourinary,-5.772846943,0.043417156,0.012400055,-0.070222203,0.0111607,-0.005683343,0.043969111,0.026899506,-0.00555611,-0.034768944,-0.042005381
Anal and rectal conditions,565,digestive,-5.443579379,0.018986842,0.019712693,-0.007289723,0.010587892,-0.031758478,0.099661966,-0.027057806,-0.051322452,0.034255688,0.013555161
"Esophagitis, GERD and related diseases",530.1,digestive,-5.855981115,0.024343462,0.04894384,-0.045795852,0.008679715,-0.02419242,0.067762288,-0.055017568,-0.040447938,0.001842641,-0.008274183
Noninflammatory disorders of vagina,619.4,genitourinary,-7.379772871,-0.200473244,-0.042805901,-0.175980148,-0.07272386,0.036128766,0.052334187,0.036605796,-0.034528526,0.090014786,-0.02053874
Displacement of intervertebral disc,722.1,musculoskeletal,-5.679151688,0.000530307,0.032419474,-0.000517312,-0.017906018,0.022986361,0.056520471,-0.016583045,0.067042986,-0.013591629,-0.046062019
Other benign neoplasm of connective and other soft tissue,215,neoplasms,-6.822875487,-0.092114466,-0.076263962,-0.154094252,-0.033105534,0.058737271,0.031258219,-0.005615011,0.017166468,0.042031238,0.077137066
Peritoneal or intestinal adhesions,560.3,digestive,-6.499508182,0.012010365,0.047184942,-0.042685828,0.03055777,-0.028617427,0.126406622,-0.002441034,-0.087597087,0.008578873,-0.107169471
Nonspecific elevation of levels of transaminase or lactic acid dehydrogenase [LDH],573.6,digestive,-6.230054362,0.050810707,0.039098008,0.014810559,-0.008133594,-0.012949886,0.127760728,0.030047791,-0.001808492,-0.010308043,-0.10445297
Disorders involving the immune mechanism,279,endocrine/metabolic,-6.505221138,0.03627998,0.06830583,-0.054561454,-0.108381791,-0.089404603,0.141790312,-0.047418483,-0.12120728,0.028307163,0.023380628
Dyspepsia and other specified disorders of function of stomach,536.8,digestive,-5.919712107,-0.012027445,0.058049446,-0.04917354,0.036941343,-0.087918546,0.054445694,-0.051559169,-0.04440648,0.01641599,0.008298472